dx,transmission_error
4.000000e-01,9.821859e-03
2.000000e-01,8.040044e-03
1.000000e-01,4.281272e-03
5.000000e-02,5.514057e-04
