dt,energy_error
2.000000e-02,1.078249e-12
1.000000e-02,1.040945e-12
5.000000e-03,1.930900e-12
2.500000e-03,1.541167e-11
1.000000e-03,1.699618e-11
